USE national_park_system;
-- 设置外键检查
SET FOREIGN_KEY_CHECKS = 0;
-- ============================================
-- 第一部分：基础数据表
-- ============================================

-- 功能分区表数据（20条）
INSERT INTO functional_area (area_id, area_name, area_type, area_size, boundary_description) VALUES
('AREA001', '天池核心保护区', '核心保护区', 1500.00, '东经125°10′-125°30′，北纬42°00′-42°20′'),
('AREA002', '长白山核心保护区', '核心保护区', 2800.50, '东经127°40′-128°20′，北纬41°40′-42°30′'),
('AREA003', '原始森林核心区', '核心保护区', 3200.00, '东经126°50′-127°30′，北纬42°10′-42°50′'),
('AREA004', '珍稀动物栖息地', '核心保护区', 1800.75, '东经125°30′-126°00′，北纬41°50′-42°10′'),
('AREA005', '高山湿地保护区', '核心保护区', 950.00, '东经126°20′-126°40′，北纬42°20′-42°35′'),
('AREA006', '东部缓冲带', '缓冲区', 2500.00, '东经128°00′-128°40′，北纬41°30′-42°10′'),
('AREA007', '西部缓冲带', '缓冲区', 2200.50, '东经125°00′-125°40′，北纬41°40′-42°20′'),
('AREA008', '南部缓冲带', '缓冲区', 1900.00, '东经126°30′-127°10′，北纬41°20′-41°50′'),
('AREA009', '北部缓冲带', '缓冲区', 2100.00, '东经126°50′-127°30′，北纬42°30′-43°00′'),
('AREA010', '河流缓冲带', '缓冲区', 1200.00, '沿主要河流两侧各500米范围'),
('AREA011', '科研实验区A', '实验区', 800.00, '东经127°00′-127°20′，北纬41°50′-42°00′'),
('AREA012', '科研实验区B', '实验区', 750.00, '东经126°30′-126°50′，北纬42°00′-42°10′'),
('AREA013', '生态监测站区域', '实验区', 500.00, '东经127°10′-127°25′，北纬42°05′-42°15′'),
('AREA014', '游客服务区', '实验区', 300.00, '东经126°55′-127°05′，北纬41°55′-42°00′'),
('AREA015', '教育展示区', '实验区', 400.00, '东经127°20′-127°35′，北纬42°10′-42°18′'),
('AREA016', '传统利用区', '实验区', 600.00, '东经125°40′-126°00′，北纬41°45′-41°58′'),
('AREA017', '生态恢复试验区', '实验区', 850.00, '东经127°35′-127°55′，北纬42°15′-42°28′'),
('AREA018', '野外观测站', '实验区', 450.00, '东经126°40′-126°55′，北纬42°18′-42°25′'),
('AREA019', '湿地修复区', '实验区', 680.00, '东经126°10′-126°28′，北纬42°22′-42°32′'),
('AREA020', '森林恢复区', '实验区', 920.00, '东经127°45′-128°05′，北纬42°25′-42°40′');

-- 用户表数据（25条，覆盖所有角色类型）
INSERT INTO system_user (user_id, username, password_hash, real_name, contact_phone, role_type, account_status, create_time) VALUES
('USER001', 'monitor001', 'e10adc3949ba59abbe56e057f20f883e', '张伟', '13800138001', '生态监测员', '正常', '2024-01-15 08:00:00'),
('USER002', 'monitor002', 'e10adc3949ba59abbe56e057f20f883e', '李娜', '13800138002', '生态监测员', '正常', '2024-01-16 08:00:00'),
('USER003', 'monitor003', 'e10adc3949ba59abbe56e057f20f883e', '王强', '13800138003', '生态监测员', '正常', '2024-02-01 08:00:00'),
('USER004', 'monitor004', 'e10adc3949ba59abbe56e057f20f883e', '刘芳', '13800138004', '生态监测员', '正常', '2024-02-10 08:00:00'),
('USER005', 'analyst001', 'e10adc3949ba59abbe56e057f20f883e', '陈明', '13800138005', '数据分析师', '正常', '2024-01-20 08:00:00'),
('USER006', 'analyst002', 'e10adc3949ba59abbe56e057f20f883e', '赵丽', '13800138006', '数据分析师', '正常', '2024-02-05 08:00:00'),
('USER007', 'analyst003', 'e10adc3949ba59abbe56e057f20f883e', '孙杰', '13800138007', '数据分析师', '正常', '2024-02-15 08:00:00'),
('USER008', 'enforcer001', 'e10adc3949ba59abbe56e057f20f883e', '周勇', '13800138008', '执法人员', '正常', '2024-01-18 08:00:00'),
('USER009', 'enforcer002', 'e10adc3949ba59abbe56e057f20f883e', '吴敏', '13800138009', '执法人员', '正常', '2024-01-25 08:00:00'),
('USER010', 'enforcer003', 'e10adc3949ba59abbe56e057f20f883e', '郑涛', '13800138010', '执法人员', '正常', '2024-02-08 08:00:00'),
('USER011', 'researcher001', 'e10adc3949ba59abbe56e057f20f883e', '钱文', '13800138011', '科研人员', '正常', '2024-01-22 08:00:00'),
('USER012', 'researcher002', 'e10adc3949ba59abbe56e057f20f883e', '冯静', '13800138012', '科研人员', '正常', '2024-02-03 08:00:00'),
('USER013', 'researcher003', 'e10adc3949ba59abbe56e057f20f883e', '蒋浩', '13800138013', '科研人员', '正常', '2024-02-12 08:00:00'),
('USER014', 'researcher004', 'e10adc3949ba59abbe56e057f20f883e', '韩梅', '13800138014', '科研人员', '正常', '2024-02-18 08:00:00'),
('USER015', 'tech001', 'e10adc3949ba59abbe56e057f20f883e', '沈鹏', '13800138015', '技术人员', '正常', '2024-01-28 08:00:00'),
('USER016', 'tech002', 'e10adc3949ba59abbe56e057f20f883e', '杨雪', '13800138016', '技术人员', '正常', '2024-02-06 08:00:00'),
('USER017', 'tech003', 'e10adc3949ba59abbe56e057f20f883e', '朱峰', '13800138017', '技术人员', '正常', '2024-02-14 08:00:00'),
('USER018', 'manager001', 'e10adc3949ba59abbe56e057f20f883e', '许兰', '13800138018', '公园管理人员', '正常', '2024-01-10 08:00:00'),
('USER019', 'manager002', 'e10adc3949ba59abbe56e057f20f883e', '何军', '13800138019', '公园管理人员', '正常', '2024-01-12 08:00:00'),
('USER020', 'manager003', 'e10adc3949ba59abbe56e057f20f883e', '吕华', '13800138020', '公园管理人员', '正常', '2024-02-01 08:00:00'),
('USER021', 'admin001', 'e10adc3949ba59abbe56e057f20f883e', '施磊', '13800138021', '系统管理员', '正常', '2024-01-01 08:00:00'),
('USER022', 'admin002', 'e10adc3949ba59abbe56e057f20f883e', '张婷', '13800138022', '系统管理员', '正常', '2024-01-05 08:00:00'),
('USER023', 'visitor001', 'e10adc3949ba59abbe56e057f20f883e', '游客测试', '13900139001', '游客', '正常', '2024-03-01 10:00:00'),
('USER024', 'monitor005', 'e10adc3949ba59abbe56e057f20f883e', '马超', '13800138024', '生态监测员', '锁定', '2024-02-20 08:00:00'),
('USER025', 'tech004', 'e10adc3949ba59abbe56e057f20f883e', '曹颖', '13800138025', '技术人员', '停用', '2024-01-30 08:00:00');

-- ============================================
-- 第二部分：生物多样性监测业务线数据
-- ============================================

-- 物种表数据（25条）
INSERT INTO species (species_id, chinese_name, latin_name, kingdom, phylum, class, order_name, family, genus, species_name, protection_level, habitat_description, distribution_range) VALUES
('SP001', '东北虎', 'Panthera tigris altaica', '动物界', '脊索动物门', '哺乳纲', '食肉目', '猫科', '豹属', 'tigris', '国家一级', '栖息于针阔混交林，独居性，夜行性', '长白山核心保护区及周边森林'),
('SP002', '金钱豹', 'Panthera pardus', '动物界', '脊索动物门', '哺乳纲', '食肉目', '猫科', '豹属', 'pardus', '国家一级', '适应性强，栖息于森林和山地', '核心保护区森林地带'),
('SP003', '梅花鹿', 'Cervus nippon', '动物界', '脊索动物门', '哺乳纲', '偶蹄目', '鹿科', '鹿属', 'nippon', '国家一级', '栖息于森林边缘和草地，群居', '各缓冲区及实验区'),
('SP004', '紫貂', 'Martes zibellina', '动物界', '脊索动物门', '哺乳纲', '食肉目', '鼬科', '貂属', 'zibellina', '国家一级', '栖息于针叶林和针阔混交林', '原始森林核心区'),
('SP005', '中华秋沙鸭', 'Mergus squamatus', '动物界', '脊索动物门', '鸟纲', '雁形目', '鸭科', '秋沙鸭属', 'squamatus', '国家一级', '栖息于山区溪流，以鱼类为食', '河流缓冲带及湿地'),
('SP006', '黑熊', 'Ursus thibetanus', '动物界', '脊索动物门', '哺乳纲', '食肉目', '熊科', '熊属', 'thibetanus', '国家二级', '栖息于森林，杂食性', '核心保护区及缓冲区森林'),
('SP007', '野猪', 'Sus scrofa', '动物界', '脊索动物门', '哺乳纲', '偶蹄目', '猪科', '猪属', 'scrofa', '无', '适应性强，杂食性，群居', '各功能分区广泛分布'),
('SP008', '狍子', 'Capreolus pygargus', '动物界', '脊索动物门', '哺乳纲', '偶蹄目', '鹿科', '狍属', 'pygargus', '无', '栖息于森林和草原，食草', '缓冲区和实验区'),
('SP009', '猞猁', 'Lynx lynx', '动物界', '脊索动物门', '哺乳纲', '食肉目', '猫科', '猞猁属', 'lynx', '国家二级', '栖息于森林，独居，夜行', '核心保护区森林'),
('SP010', '红松', 'Pinus koraiensis', '植物界', '松柏门', '松柏纲', '松柏目', '松科', '松属', 'koraiensis', '国家二级', '喜冷凉湿润气候，耐寒', '核心保护区及缓冲区'),
('SP011', '长白落叶松', 'Larix olgensis', '植物界', '松柏门', '松柏纲', '松柏目', '松科', '落叶松属', 'olgensis', '无', '耐寒，喜光，适应性强', '各海拔高度森林'),
('SP012', '水曲柳', 'Fraxinus mandshurica', '植物界', '被子植物门', '双子叶植物纲', '捩花目', '木犀科', '梣属', 'mandshurica', '国家二级', '喜温暖湿润，耐水湿', '河谷及低海拔地区'),
('SP013', '人参', 'Panax ginseng', '植物界', '被子植物门', '双子叶植物纲', '伞形目', '五加科', '人参属', 'ginseng', '国家一级', '喜冷凉湿润，林下阴性植物', '原始森林核心区'),
('SP014', '鸳鸯', 'Aix galericulata', '动物界', '脊索动物门', '鸟纲', '雁形目', '鸭科', '鸳鸯属', 'galericulata', '国家二级', '栖息于山区溪流和湖泊', '河流和湿地区域'),
('SP015', '长白山松鼠', 'Sciurus vulgaris', '动物界', '脊索动物门', '哺乳纲', '啮齿目', '松鼠科', '松鼠属', 'vulgaris', '无', '栖息于针叶林，食草籽和果实', '森林区域广泛分布'),
('SP016', '苍鹰', 'Accipiter gentilis', '动物界', '脊索动物门', '鸟纲', '隼形目', '鹰科', '鹰属', 'gentilis', '国家二级', '栖息于森林，捕食中小型动物', '核心保护区及缓冲区'),
('SP017', '雕鸮', 'Bubo bubo', '动物界', '脊索动物门', '鸟纲', '鸮形目', '鸱鸮科', '雕鸮属', 'bubo', '国家二级', '栖息于森林，夜行性猛禽', '森林核心区'),
('SP018', '红狐', 'Vulpes vulpes', '动物界', '脊索动物门', '哺乳纲', '食肉目', '犬科', '狐属', 'vulpes', '无', '适应性强，夜行性，杂食', '各功能分区'),
('SP019', '貉', 'Nyctereutes procyonoides', '动物界', '脊索动物门', '哺乳纲', '食肉目', '犬科', '貉属', 'procyonoides', '无', '栖息于森林和灌丛，杂食', '缓冲区和实验区'),
('SP020', '东北马鹿', 'Cervus canadensis', '动物界', '脊索动物门', '哺乳纲', '偶蹄目', '鹿科', '鹿属', 'canadensis', '国家二级', '栖息于森林和草原，群居', '缓冲区森林草原'),
('SP021', '长白山冷杉', 'Abies nephrolepis', '植物界', '松柏门', '松柏纲', '松柏目', '松科', '冷杉属', 'nephrolepis', '无', '耐寒，喜湿润，高山树种', '高海拔核心区'),
('SP022', '白桦', 'Betula platyphylla', '植物界', '被子植物门', '双子叶植物纲', '壳斗目', '桦木科', '桦木属', 'platyphylla', '无', '喜光，耐寒，先锋树种', '次生林和恢复区'),
('SP023', '花尾榛鸡', 'Tetrastes bonasia', '动物界', '脊索动物门', '鸟纲', '鸡形目', '松鸡科', '花尾榛鸡属', 'bonasia', '国家二级', '栖息于针阔混交林', '森林核心区'),
('SP025', '野兔', 'Lepus mandshuricus', '动物界', '脊索动物门', '哺乳纲', '兔形目', '兔科', '兔属', 'mandshuricus', '无', '栖息于森林边缘和草地', '各功能分区广泛分布');

-- 栖息地表数据（20条）
INSERT INTO habitat (habitat_id, area_name, ecology_type, area_size, core_protection_range, suitability_score) VALUES
('HAB001', '天池原始针叶林', '森林', 1200.00, '天池周边5公里范围', 9.5),
('HAB002', '长白山阔叶混交林', '森林', 2500.00, '海拔800-1500米森林带', 9.2),
('HAB003', '高山草甸', '草原', 800.00, '海拔1800米以上区域', 8.8),
('HAB004', '河谷湿地', '湿地', 600.00, '主要河流两侧500米', 9.0),
('HAB005', '火山口湖泊湿地', '湿地', 450.00, '天池及周边沼泽', 9.3),
('HAB006', '次生阔叶林', '森林', 1800.00, '东部缓冲带森林', 8.5),
('HAB007', '亚高山针叶林', '森林', 2200.00, '海拔1500-1800米', 9.0),
('HAB008', '山地灌丛', '其他', 950.00, '森林边缘地带', 7.8),
('HAB009', '溪流生态系统', '湿地', 300.00, '主要溪流及两岸', 8.6),
('HAB010', '岳桦林带', '森林', 1100.00, '海拔1700-2000米', 8.9),
('HAB011', '低山丘陵林', '森林', 1600.00, '海拔500-800米', 8.2),
('HAB012', '河漫滩', '湿地', 400.00, '河流冲积平原', 8.4),
('HAB013', '高寒草甸', '草原', 650.00, '海拔2000米以上', 8.7),
('HAB014', '温带落叶林', '森林', 2000.00, '西部缓冲带', 8.5),
('HAB015', '山地沼泽', '湿地', 350.00, '山间低洼地', 8.3),
('HAB016', '石质山地', '其他', 500.00, '高海拔裸岩地带', 7.0),
('HAB017', '混合针阔林', '森林', 1900.00, '海拔1000-1500米', 8.8),
('HAB018', '泉水湿地', '湿地', 280.00, '山泉出露点', 9.1),
('HAB019', '竹林', '其他', 420.00, '南坡低海拔区', 7.9),
('HAB020', '恢复期森林', '森林', 1300.00, '生态恢复试验区', 7.5);

-- 监测设备表数据（25条）
INSERT INTO monitoring_device (device_id, device_type, deployment_area_id, installation_date, calibration_cycle, operation_status, communication_protocol, last_calibration_date) VALUES
('DEV001', '红外相机', 'AREA001', '2024-01-10', 90, '正常', 'LoRa', '2024-11-10'),
('DEV002', '红外相机', 'AREA002', '2024-01-12', 90, '正常', 'LoRa', '2024-11-12'),
('DEV003', '红外相机', 'AREA003', '2024-01-15', 90, '正常', 'LoRa', '2024-11-15'),
('DEV004', '空气质量传感器', 'AREA001', '2024-01-20', 30, '正常', 'NB-IoT', '2024-12-05'),
('DEV005', '空气质量传感器', 'AREA002', '2024-01-20', 30, '正常', 'NB-IoT', '2024-12-05'),
('DEV006', '水质监测仪', 'AREA004', '2024-01-25', 30, '正常', 'NB-IoT', '2024-12-08'),
('DEV007', '水质监测仪', 'AREA005', '2024-01-25', 30, '正常', 'NB-IoT', '2024-12-08'),
('DEV008', '土壤湿度传感器', 'AREA006', '2024-02-01', 60, '正常', 'LoRa', '2024-12-01'),
('DEV009', '土壤湿度传感器', 'AREA007', '2024-02-01', 60, '正常', 'LoRa', '2024-12-01'),
('DEV010', '红外相机', 'AREA004', '2024-02-05', 90, '正常', 'LoRa', '2024-11-20'),
('DEV011', '气象站', 'AREA011', '2024-02-10', 90, '正常', '4G', '2024-11-25'),
('DEV012', '气象站', 'AREA013', '2024-02-10', 90, '正常', '4G', '2024-11-25'),
('DEV013', '无人机监测系统', 'AREA014', '2024-02-15', 60, '正常', '5G', '2024-12-10'),
('DEV014', '红外相机', 'AREA006', '2024-02-18', 90, '故障', 'LoRa', '2024-11-18'),
('DEV015', '空气质量传感器', 'AREA008', '2024-02-20', 30, '正常', 'NB-IoT', '2024-12-12'),
('DEV016', '水质监测仪', 'AREA010', '2024-02-22', 30, '正常', 'NB-IoT', '2024-12-13'),
('DEV017', '红外相机', 'AREA009', '2024-02-25', 90, '正常', 'LoRa', '2024-11-28'),
('DEV018', '土壤湿度传感器', 'AREA012', '2024-03-01', 60, '正常', 'LoRa', '2024-12-05'),
('DEV019', '红外相机', 'AREA015', '2024-03-05', 90, '离线', 'LoRa', '2024-11-30'),
('DEV020', '空气质量传感器', 'AREA016', '2024-03-08', 30, '正常', 'NB-IoT', '2024-12-15'),
('DEV021', '水质监测仪', 'AREA019', '2024-03-10', 30, '正常', 'NB-IoT', '2024-12-16'),
('DEV022', '红外相机', 'AREA017', '2024-03-12', 90, '正常', 'LoRa', '2024-12-02'),
('DEV023', '气象站', 'AREA018', '2024-03-15', 90, '正常', '4G', '2024-12-01'),
('DEV024', '土壤湿度传感器', 'AREA020', '2024-03-18', 60, '正常', 'LoRa', '2024-12-08'),
('DEV025', '红外相机', 'AREA001', '2024-03-20', 90, '正常', 'LoRa', '2024-12-10');

-- 监测记录表数据（30条）
INSERT INTO monitoring_record (record_id, species_id, device_id, monitoring_time, location_longitude, location_latitude, monitoring_method, image_path, quantity, behavior_description, recorder_id, data_status) VALUES
('MR2024110001', 'SP001', 'DEV001', '2024-11-01 06:30:00', 125.200000, 42.100000, '红外相机', '/images/2024/11/tiger_001.jpg', 1, '成年雄性，独自行走', 'USER001', '有效'),
('MR2024110002', 'SP002', 'DEV002', '2024-11-02 22:15:00', 127.500000, 42.000000, '红外相机', '/images/2024/11/leopard_001.jpg', 1, '成年个体，夜间捕猎', 'USER001', '有效'),
('MR2024110003', 'SP003', 'DEV003', '2024-11-03 07:00:00', 126.800000, 42.300000, '红外相机', '/images/2024/11/deer_001.jpg', 5, '鹿群活动，含幼崽', 'USER002', '有效'),
('MR2024110004', 'SP006', 'DEV010', '2024-11-05 20:30:00', 125.400000, 42.050000, '红外相机', '/images/2024/11/bear_001.jpg', 1, '觅食行为', 'USER002', '有效'),
('MR2024110005', 'SP007', 'DEV001', '2024-11-08 14:20:00', 125.210000, 42.110000, '人工巡查', NULL, 8, '野猪群，破坏植被', 'USER003', '有效'),
('MR2024110006', 'SP008', 'DEV017', '2024-11-10 16:45:00', 126.900000, 42.450000, '红外相机', '/images/2024/11/roe_001.jpg', 3, '母子群体', 'USER001', '有效'),
('MR2024110007', 'SP009', 'DEV003', '2024-11-12 03:20:00', 126.850000, 42.320000, '红外相机', '/images/2024/11/lynx_001.jpg', 1, '独行，夜间活动', 'USER002', '有效'),
('MR2024110008', 'SP015', 'DEV002', '2024-11-15 10:30:00', 127.520000, 42.020000, '人工巡查', NULL, 12, '松鼠群，采食松果', 'USER004', '有效'),
('MR2024110009', 'SP018', 'DEV022', '2024-11-18 19:00:00', 127.600000, 42.250000, '红外相机', '/images/2024/11/fox_001.jpg', 2, '成对活动', 'USER001', '有效'),
('MR2024110010', 'SP025', 'DEV017', '2024-11-20 08:15:00', 126.920000, 42.460000, '人工巡查', NULL, 6, '野兔群，晨间活动', 'USER003', '有效'),
('MR2024110011', 'SP003', 'DEV010', '2024-11-22 17:30:00', 125.420000, 42.060000, '红外相机', '/images/2024/11/deer_002.jpg', 4, '梅花鹿，饮水', 'USER002', '有效'),
('MR2024110012', 'SP020', 'DEV006', '2024-11-25 06:50:00', 126.650000, 42.150000, '红外相机', '/images/2024/11/elk_001.jpg', 7, '马鹿群，雄性带队', 'USER001', '有效'),
('MR2024120001', 'SP001', 'DEV025', '2024-12-01 05:45:00', 125.205000, 42.105000, '红外相机', '/images/2024/12/tiger_002.jpg', 1, '东北虎，标记领地', 'USER002', '有效'),
('MR2024120002', 'SP004', 'DEV003', '2024-12-03 21:00:00', 126.870000, 42.330000, '红外相机', '/images/2024/12/sable_001.jpg', 1, '紫貂，夜间活动', 'USER001', '有效'),
('MR2024120003', 'SP006', 'DEV002', '2024-12-05 15:20:00', 127.530000, 42.030000, '人工巡查', NULL, 2, '黑熊母子', 'USER004', '有效'),
('MR2024120004', 'SP007', 'DEV017', '2024-12-08 11:30:00', 126.930000, 42.470000, '红外相机', '/images/2024/12/boar_001.jpg', 10, '野猪大群', 'USER002', '有效'),
('MR2024120005', 'SP014', 'DEV016', '2024-12-10 09:00:00', 126.100000, 42.280000, '人工巡查', NULL, 16, '鸳鸯群，溪流栖息', 'USER003', '有效'),
('MR2024120006', 'SP016', 'DEV013', '2024-12-12 13:45:00', 127.050000, 41.980000, '无人机', '/images/2024/12/hawk_001.jpg', 1, '苍鹰，盘旋', 'USER001', '有效'),
('MR2024120007', 'SP017', 'DEV003', '2024-12-14 23:30:00', 126.880000, 42.340000, '红外相机', '/images/2024/12/owl_001.jpg', 2, '雕鸮配偶，夜间', 'USER002', '有效'),
('MR2024120008', 'SP019', 'DEV010', '2024-12-16 18:00:00', 125.430000, 42.070000, '红外相机', '/images/2024/12/raccoon_001.jpg', 3, '貉家族群', 'USER001', '有效'),
('MR2024120009', 'SP003', 'DEV001', '2024-12-17 07:20:00', 125.215000, 42.115000, '红外相机', '/images/2024/12/deer_003.jpg', 6, '梅花鹿，晨间觅食', 'USER002', '待核实'),
('MR2024120010', 'SP008', 'DEV022', '2024-12-18 16:30:00', 127.610000, 42.260000, '人工巡查', NULL, 4, '狍子，草地活动', 'USER004', '有效'),
('MR2024120011', 'SP023', 'DEV002', '2024-12-19 10:15:00', 127.540000, 42.040000, '红外相机', '/images/2024/12/grouse_001.jpg', 5, '花尾榛鸡群', 'USER001', '有效'),
('MR2024120012', 'SP025', 'DEV017', '2024-12-19 14:45:00', 126.940000, 42.480000, '人工巡查', NULL, 8, '野兔，雪地活动', 'USER003', '有效'),
('MR2024120013', 'SP001', 'DEV003', '2024-12-20 04:30:00', 126.890000, 42.350000, '红外相机', '/images/2024/12/tiger_003.jpg', 1, '东北虎，猎食痕迹', 'USER002', '待核实'),
('MR2024120014', 'SP015', 'DEV025', '2024-12-20 11:00:00', 125.220000, 42.120000, '人工巡查', NULL, 15, '松鼠，储备越冬食物', 'USER004', '有效'),
('MR2024120015', 'SP018', 'DEV010', '2024-12-20 19:30:00', 125.440000, 42.080000, '红外相机', '/images/2024/12/fox_002.jpg', 1, '红狐，夜间捕猎', 'USER001', '有效'),
('MR2024120016', 'SP006', 'DEV001', '2024-12-20 08:00:00', 125.225000, 42.125000, '红外相机', NULL, 1, '黑熊，冬眠前活动', 'USER002', '待核实'),
('MR2024120017', 'SP007', 'DEV002', '2024-12-20 12:30:00', 127.550000, 42.050000, '人工巡查', NULL, 12, '野猪群，拱食', 'USER003', '有效'),
('MR2024120018', 'SP020', 'DEV017', '2024-12-20 15:00:00', 126.950000, 42.490000, '红外相机', '/images/2024/12/elk_002.jpg', 9, '马鹿大群，迁徙', 'USER001', '有效');

-- 栖息地物种关联表数据（40条）
INSERT INTO habitat_species (habitat_id, species_id, is_major_species) VALUES
('HAB001', 'SP001', 'Y'),
('HAB001', 'SP004', 'Y'),
('HAB001', 'SP010', 'Y'),
('HAB001', 'SP021', 'Y'),
('HAB001', 'SP009', 'N'),
('HAB002', 'SP002', 'Y'),
('HAB002', 'SP003', 'Y'),
('HAB002', 'SP006', 'Y'),
('HAB002', 'SP012', 'Y'),
('HAB002', 'SP007', 'N'),
('HAB002', 'SP008', 'N'),
('HAB003', 'SP003', 'Y'),
('HAB003', 'SP025', 'Y'),
('HAB003', 'SP008', 'N'),
('HAB004', 'SP005', 'Y'),
('HAB004', 'SP014', 'Y'),
('HAB004', 'SP012', 'N'),
('HAB005', 'SP005', 'Y'),
('HAB005', 'SP014', 'Y'),
('HAB006', 'SP003', 'N'),
('HAB006', 'SP006', 'Y'),
('HAB006', 'SP022', 'Y'),
('HAB007', 'SP001', 'N'),
('HAB007', 'SP009', 'Y'),
('HAB007', 'SP021', 'Y'),
('HAB008', 'SP007', 'Y'),
('HAB008', 'SP008', 'Y'),
('HAB008', 'SP019', 'Y'),
('HAB009', 'SP005', 'Y'),
('HAB009', 'SP014', 'Y'),
('HAB010', 'SP015', 'Y'),
('HAB010', 'SP023', 'Y'),
('HAB010', 'SP021', 'N'),
('HAB011', 'SP003', 'Y'),
('HAB011', 'SP022', 'Y'),
('HAB012', 'SP007', 'Y'),
('HAB013', 'SP025', 'Y'),
('HAB014', 'SP020', 'Y'),
('HAB015', 'SP005', 'N'),
('HAB017', 'SP013', 'Y');

-- ============================================
-- 第三部分：生态环境监测业务线数据
-- ============================================

-- 监测指标表数据（20条）
INSERT INTO monitoring_indicator (indicator_id, indicator_name, unit, threshold_upper, threshold_lower, monitoring_frequency) VALUES
('IND001', '空气质量指数', 'AQI', 100.00, 0.00, '小时'),
('IND002', 'PM2.5浓度', 'μg/m³', 75.00, 0.00, '小时'),
('IND003', 'PM10浓度', 'μg/m³', 150.00, 0.00, '小时'),
('IND004', '二氧化硫', 'μg/m³', 150.00, 0.00, '小时'),
('IND005', '二氧化氮', 'μg/m³', 80.00, 0.00, '小时'),
('IND006', '臭氧', 'μg/m³', 160.00, 0.00, '小时'),
('IND007', '一氧化碳', 'mg/m³', 4.00, 0.00, '小时'),
('IND008', '水质pH值', 'pH', 8.50, 6.50, '日'),
('IND009', '溶解氧', 'mg/L', 15.00, 5.00, '日'),
('IND010', '化学需氧量', 'mg/L', 20.00, 0.00, '日'),
('IND011', '氨氮', 'mg/L', 1.00, 0.00, '日'),
('IND012', '总磷', 'mg/L', 0.20, 0.00, '日'),
('IND013', '总氮', 'mg/L', 1.00, 0.00, '日'),
('IND014', '土壤湿度', '%', 80.00, 20.00, '日'),
('IND015', '土壤温度', '℃', 30.00, -10.00, '日'),
('IND016', '噪音水平', 'dB', 55.00, 0.00, '小时'),
('IND017', '气温', '℃', 35.00, -40.00, '小时'),
('IND018', '相对湿度', '%', 100.00, 0.00, '小时'),
('IND019', '降水量', 'mm', 100.00, 0.00, '日'),
('IND020', '风速', 'm/s', 20.00, 0.00, '小时');

-- 环境监测数据表数据（50条，覆盖最近时间段）
INSERT INTO environmental_data (data_id, indicator_id, device_id, collection_time, monitoring_value, area_id, data_quality) VALUES
('ED2024120001', 'IND001', 'DEV004', '2024-12-01 08:00:00', 45.00, 'AREA001', '优'),
('ED2024120002', 'IND002', 'DEV004', '2024-12-01 08:00:00', 25.00, 'AREA001', '优'),
('ED2024120003', 'IND017', 'DEV011', '2024-12-01 08:00:00', -8.50, 'AREA011', '良'),
('ED2024120004', 'IND018', 'DEV011', '2024-12-01 08:00:00', 65.00, 'AREA011', '良'),
('ED2024120005', 'IND008', 'DEV006', '2024-12-01 10:00:00', 7.20, 'AREA004', '优'),
('ED2024120006', 'IND009', 'DEV006', '2024-12-01 10:00:00', 8.50, 'AREA004', '优'),
('ED2024120007', 'IND014', 'DEV008', '2024-12-01 12:00:00', 45.00, 'AREA006', '良'),
('ED2024120008', 'IND015', 'DEV008', '2024-12-01 12:00:00', 2.50, 'AREA006', '良'),
('ED2024120009', 'IND001', 'DEV005', '2024-12-02 08:00:00', 38.00, 'AREA002', '优'),
('ED2024120010', 'IND002', 'DEV005', '2024-12-02 08:00:00', 18.00, 'AREA002', '优'),
('ED2024120011', 'IND016', 'DEV013', '2024-12-02 09:00:00', 42.00, 'AREA014', '优'),
('ED2024120012', 'IND019', 'DEV011', '2024-12-02 18:00:00', 5.20, 'AREA011', '良'),
('ED2024120013', 'IND008', 'DEV007', '2024-12-03 10:00:00', 7.50, 'AREA005', '优'),
('ED2024120014', 'IND010', 'DEV007', '2024-12-03 10:00:00', 12.00, 'AREA005', '良'),
('ED2024120015', 'IND001', 'DEV015', '2024-12-03 14:00:00', 52.00, 'AREA008', '良'),
('ED2024120016', 'IND003', 'DEV015', '2024-12-03 14:00:00', 68.00, 'AREA008', '良'),
('ED2024120017', 'IND014', 'DEV009', '2024-12-04 12:00:00', 38.00, 'AREA007', '中'),
('ED2024120018', 'IND017', 'DEV012', '2024-12-04 15:00:00', -12.00, 'AREA013', '良'),
('ED2024120019', 'IND020', 'DEV012', '2024-12-04 15:00:00', 8.50, 'AREA013', '良'),
('ED2024120020', 'IND008', 'DEV016', '2024-12-05 10:00:00', 7.80, 'AREA010', '优'),
('ED2024120021', 'IND011', 'DEV016', '2024-12-05 10:00:00', 0.35, 'AREA010', '优'),
('ED2024120022', 'IND001', 'DEV004', '2024-12-05 16:00:00', 48.00, 'AREA001', '优'),
('ED2024120023', 'IND006', 'DEV004', '2024-12-05 16:00:00', 95.00, 'AREA001', '良'),
('ED2024120024', 'IND014', 'DEV018', '2024-12-06 12:00:00', 52.00, 'AREA012', '良'),
('ED2024120025', 'IND015', 'DEV018', '2024-12-06 12:00:00', -2.00, 'AREA012', '良'),
('ED2024120026', 'IND019', 'DEV023', '2024-12-06 20:00:00', 8.50, 'AREA018', '良'),
('ED2024120027', 'IND001', 'DEV020', '2024-12-07 09:00:00', 55.00, 'AREA016', '良'),
('ED2024120028', 'IND002', 'DEV020', '2024-12-07 09:00:00', 32.00, 'AREA016', '良'),
('ED2024120029', 'IND008', 'DEV021', '2024-12-08 10:00:00', 7.30, 'AREA019', '优'),
('ED2024120030', 'IND012', 'DEV021', '2024-12-08 10:00:00', 0.08, 'AREA019', '优'),
('ED2024120031', 'IND017', 'DEV011', '2024-12-08 14:00:00', -15.00, 'AREA011', '良'),
('ED2024120032', 'IND018', 'DEV011', '2024-12-08 14:00:00', 72.00, 'AREA011', '良'),
('ED2024120033', 'IND014', 'DEV024', '2024-12-09 12:00:00', 48.00, 'AREA020', '良'),
('ED2024120034', 'IND001', 'DEV005', '2024-12-10 08:00:00', 42.00, 'AREA002', '优'),
('ED2024120035', 'IND004', 'DEV005', '2024-12-10 08:00:00', 28.00, 'AREA002', '优'),
('ED2024120036', 'IND008', 'DEV006', '2024-12-11 10:00:00', 7.45, 'AREA004', '优'),
('ED2024120037', 'IND013', 'DEV006', '2024-12-11 10:00:00', 0.55, 'AREA004', '良'),
('ED2024120038', 'IND016', 'DEV013', '2024-12-12 11:00:00', 38.00, 'AREA014', '优'),
('ED2024120039', 'IND019', 'DEV012', '2024-12-12 19:00:00', 12.00, 'AREA013', '良'),
('ED2024120040', 'IND001', 'DEV015', '2024-12-13 10:00:00', 58.00, 'AREA008', '良'),
('ED2024120041', 'IND005', 'DEV015', '2024-12-13 10:00:00', 45.00, 'AREA008', '良'),
('ED2024120042', 'IND014', 'DEV008', '2024-12-14 12:00:00', 42.00, 'AREA006', '中'),
('ED2024120043', 'IND017', 'DEV023', '2024-12-15 08:00:00', -18.00, 'AREA018', '良'),
('ED2024120044', 'IND020', 'DEV023', '2024-12-15 08:00:00', 12.50, 'AREA018', '良'),
('ED2024120045', 'IND008', 'DEV007', '2024-12-16 10:00:00', 7.60, 'AREA005', '优'),
('ED2024120046', 'IND009', 'DEV007', '2024-12-16 10:00:00', 9.20, 'AREA005', '优'),
('ED2024120047', 'IND001', 'DEV004', '2024-12-17 09:00:00', 46.00, 'AREA001', '优'),
('ED2024120048', 'IND002', 'DEV004', '2024-12-17 09:00:00', 22.00, 'AREA001', '优'),
('ED2024120049', 'IND014', 'DEV009', '2024-12-18 12:00:00', 40.00, 'AREA007', '中'),
('ED2024120050', 'IND019', 'DEV011', '2024-12-19 18:00:00', 15.50, 'AREA011', '良');

-- ============================================
-- 第四部分：游客智能管理业务线数据
-- ============================================

-- 游客表数据（25条）
INSERT INTO visitor (visitor_id, visitor_name, id_card_number, contact_phone, entry_time, exit_time, entry_method) VALUES
('VIS001', '王磊', '110101199001011234', '13900001001', '2024-12-15 08:30:00', '2024-12-15 16:30:00', '线上预约'),
('VIS002', '李梅', '110102199205052345', '13900001002', '2024-12-15 09:00:00', '2024-12-15 17:00:00', '线上预约'),
('VIS003', '张建国', '110103198803153456', '13900001003', '2024-12-15 09:30:00', '2024-12-15 15:45:00', '现场购票'),
('VIS004', '刘芳芳', '110104199506204567', '13900001004', '2024-12-16 08:00:00', '2024-12-16 16:00:00', '线上预约'),
('VIS005', '陈浩', '110105199112255678', '13900001005', '2024-12-16 08:15:00', '2024-12-16 17:30:00', '线上预约'),
('VIS006', '赵敏', '110106199308066789', '13900001006', '2024-12-16 09:45:00', '2024-12-16 16:15:00', '现场购票'),
('VIS007', '周杰', '110107198710177890', '13900001007', '2024-12-17 08:30:00', '2024-12-17 15:00:00', '线上预约'),
('VIS008', '吴倩', '110108199904288901', '13900001008', '2024-12-17 09:00:00', '2024-12-17 16:30:00', '线上预约'),
('VIS009', '郑伟', '110109199201099012', '13900001009', '2024-12-17 10:00:00', '2024-12-17 17:00:00', '现场购票'),
('VIS010', '王静', '110110198605101123', '13900001010', '2024-12-18 08:00:00', '2024-12-18 16:00:00', '线上预约'),
('VIS011', '李强', '110111199407112234', '13900001011', '2024-12-18 08:30:00', '2024-12-18 15:30:00', '线上预约'),
('VIS012', '张丽', '110112199009123345', '13900001012', '2024-12-18 09:00:00', '2024-12-18 17:00:00', '现场购票'),
('VIS013', '刘洋', '110113198811134456', '13900001013', '2024-12-19 08:15:00', '2024-12-19 16:15:00', '线上预约'),
('VIS014', '陈红', '110114199603145567', '13900001014', '2024-12-19 09:30:00', '2024-12-19 15:45:00', '线上预约'),
('VIS015', '赵军', '110115199205156678', '13900001015', '2024-12-19 10:00:00', '2024-12-19 17:30:00', '现场购票'),
('VIS016', '周慧', '110116198707167789', '13900001016', '2024-12-20 08:00:00', '2024-12-20 16:00:00', '线上预约'),
('VIS017', '吴峰', '110117199909178890', '13900001017', '2024-12-20 08:30:00', NULL, '线上预约'),
('VIS018', '郑玲', '110118199101189901', '13900001018', '2024-12-20 09:00:00', NULL, '现场购票'),
('VIS019', '孙明', '110119198603191012', '13900001019', '2024-12-20 09:30:00', NULL, '线上预约'),
('VIS020', '钱芳', '110120199405201123', '13900001020', '2024-12-20 10:00:00', NULL, '线上预约'),
('VIS021', '冯涛', '110121199007212234', '13900001021', NULL, NULL, '线上预约'),
('VIS022', '蒋慧', '110122198809223345', '13900001022', NULL, NULL, '线上预约'),
('VIS023', '韩强', '110123199611234456', '13900001023', NULL, NULL, '现场购票'),
('VIS024', '何静', '110124199203245567', '13900001024', NULL, NULL, '线上预约'),
('VIS025', '沈杰', '110125198705256678', '13900001025', NULL, NULL, '线上预约');

-- 预约记录表数据（30条）
INSERT INTO reservation (reservation_id, visitor_id, reservation_date, entry_time_slot, party_size, reservation_status, ticket_amount, payment_status) VALUES
('RES20241215001', 'VIS001', '2024-12-15', '上午', 1, '已完成', 120.00, '已支付'),
('RES20241215002', 'VIS002', '2024-12-15', '上午', 2, '已完成', 240.00, '已支付'),
('RES20241216001', 'VIS004', '2024-12-16', '上午', 1, '已完成', 120.00, '已支付'),
('RES20241216002', 'VIS005', '2024-12-16', '上午', 3, '已完成', 360.00, '已支付'),
('RES20241217001', 'VIS007', '2024-12-17', '上午', 1, '已完成', 120.00, '已支付'),
('RES20241217002', 'VIS008', '2024-12-17', '上午', 2, '已完成', 240.00, '已支付'),
('RES20241218001', 'VIS010', '2024-12-18', '上午', 1, '已完成', 120.00, '已支付'),
('RES20241218002', 'VIS011', '2024-12-18', '上午', 4, '已完成', 480.00, '已支付'),
('RES20241219001', 'VIS013', '2024-12-19', '上午', 1, '已完成', 120.00, '已支付'),
('RES20241219002', 'VIS014', '2024-12-19', '上午', 2, '已完成', 240.00, '已支付'),
('RES20241220001', 'VIS016', '2024-12-20', '上午', 1, '已确认', 120.00, '已支付'),
('RES20241220002', 'VIS017', '2024-12-20', '上午', 2, '已确认', 240.00, '已支付'),
('RES20241220003', 'VIS019', '2024-12-20', '上午', 3, '已确认', 360.00, '已支付'),
('RES20241220004', 'VIS020', '2024-12-20', '上午', 2, '已确认', 240.00, '已支付'),
('RES20241221001', 'VIS021', '2024-12-21', '上午', 1, '已确认', 120.00, '已支付'),
('RES20241221002', 'VIS022', '2024-12-21', '上午', 2, '已确认', 240.00, '已支付'),
('RES20241221003', 'VIS024', '2024-12-21', '下午', 3, '已确认', 360.00, '已支付'),
('RES20241221004', 'VIS025', '2024-12-21', '下午', 1, '已确认', 120.00, '已支付'),
('RES20241222001', 'VIS001', '2024-12-22', '上午', 2, '已确认', 240.00, '已支付'),
('RES20241222002', 'VIS002', '2024-12-22', '上午', 1, '已确认', 120.00, '已支付'),
('RES20241223001', 'VIS004', '2024-12-23', '上午', 1, '已确认', 120.00, '已支付'),
('RES20241223002', 'VIS005', '2024-12-23', '下午', 2, '已确认', 240.00, '已支付'),
('RES20241224001', 'VIS007', '2024-12-24', '上午', 4, '已取消', 0.00, '未支付'),
('RES20241224002', 'VIS010', '2024-12-24', '上午', 1, '已确认', 120.00, '已支付'),
('RES20241225001', 'VIS013', '2024-12-25', '上午', 2, '已确认', 240.00, '已支付'),
('RES20241225002', 'VIS016', '2024-12-25', '下午', 3, '已确认', 360.00, '未支付'),
('RES20241226001', 'VIS019', '2024-12-26', '上午', 1, '已确认', 120.00, '已支付'),
('RES20241226002', 'VIS021', '2024-12-26', '上午', 2, '已确认', 240.00, '已支付'),
('RES20241227001', 'VIS023', '2024-12-27', '下午', 1, '已确认', 120.00, '已支付'),
('RES20241227002', 'VIS024', '2024-12-27', '下午', 2, '已确认', 240.00, '已支付');

-- 游客轨迹表数据（40条，针对当前在园游客）
INSERT INTO visitor_trajectory (trajectory_id, visitor_id, tracking_time, location_longitude, location_latitude, area_id, out_of_route) VALUES
('TRJ20241220001', 'VIS016', '2024-12-20 08:05:00', 127.000000, 41.960000, 'AREA014', 'N'),
('TRJ20241220002', 'VIS016', '2024-12-20 09:15:00', 126.550000, 42.050000, 'AREA011', 'N'),
('TRJ20241220003', 'VIS016', '2024-12-20 10:30:00', 125.350000, 42.080000, 'AREA006', 'N'),
('TRJ20241220004', 'VIS016', '2024-12-20 11:45:00', 125.200000, 42.100000, 'AREA001', 'N'),
('TRJ20241220005', 'VIS017', '2024-12-20 08:35:00', 127.000000, 41.960000, 'AREA014', 'N'),
('TRJ20241220006', 'VIS017', '2024-12-20 09:45:00', 127.100000, 42.070000, 'AREA011', 'N'),
('TRJ20241220007', 'VIS017', '2024-12-20 11:00:00', 126.450000, 42.250000, 'AREA012', 'N'),
('TRJ20241220008', 'VIS017', '2024-12-20 12:15:00', 126.200000, 42.280000, 'AREA005', 'N'),
('TRJ20241220009', 'VIS018', '2024-12-20 09:10:00', 127.000000, 41.960000, 'AREA014', 'N'),
('TRJ20241220010', 'VIS018', '2024-12-20 10:20:00', 126.700000, 42.180000, 'AREA013', 'N'),
('TRJ20241220011', 'VIS018', '2024-12-20 11:35:00', 126.100000, 42.280000, 'AREA005', 'N'),
('TRJ20241220012', 'VIS018', '2024-12-20 12:50:00', 125.500000, 42.120000, 'AREA007', 'N'),
('TRJ20241220013', 'VIS019', '2024-12-20 09:35:00', 127.000000, 41.960000, 'AREA014', 'N'),
('TRJ20241220014', 'VIS019', '2024-12-20 10:50:00', 127.250000, 42.120000, 'AREA015', 'N'),
('TRJ20241220015', 'VIS019', '2024-12-20 12:05:00', 127.600000, 42.250000, 'AREA017', 'N'),
('TRJ20241220016', 'VIS019', '2024-12-20 13:20:00', 127.500000, 42.020000, 'AREA002', 'Y'),
('TRJ20241220017', 'VIS020', '2024-12-20 10:05:00', 127.000000, 41.960000, 'AREA014', 'N'),
('TRJ20241220018', 'VIS020', '2024-12-20 11:20:00', 126.750000, 42.200000, 'AREA013', 'N'),
('TRJ20241220019', 'VIS020', '2024-12-20 12:35:00', 126.450000, 42.250000, 'AREA012', 'N'),
('TRJ20241220020', 'VIS020', '2024-12-20 13:50:00', 126.200000, 42.280000, 'AREA005', 'N'),
('TRJ20241220021', 'VIS016', '2024-12-20 13:00:00', 125.250000, 42.110000, 'AREA001', 'N'),
('TRJ20241220022', 'VIS016', '2024-12-20 14:15:00', 125.350000, 42.080000, 'AREA006', 'N'),
('TRJ20241220023', 'VIS017', '2024-12-20 13:30:00', 126.250000, 42.290000, 'AREA005', 'N'),
('TRJ20241220024', 'VIS017', '2024-12-20 14:45:00', 126.450000, 42.250000, 'AREA012', 'N'),
('TRJ20241220025', 'VIS018', '2024-12-20 14:05:00', 125.450000, 42.110000, 'AREA007', 'N'),
('TRJ20241220026', 'VIS018', '2024-12-20 15:20:00', 125.200000, 42.100000, 'AREA001', 'Y'),
('TRJ20241220027', 'VIS019', '2024-12-20 14:35:00', 127.520000, 42.030000, 'AREA002', 'Y'),
('TRJ20241220028', 'VIS019', '2024-12-20 15:50:00', 127.250000, 42.120000, 'AREA015', 'N'),
('TRJ20241220029', 'VIS020', '2024-12-20 15:05:00', 126.230000, 42.285000, 'AREA005', 'N'),
('TRJ20241220030', 'VIS020', '2024-12-20 15:50:00', 127.000000, 41.960000, 'AREA014', 'N'),
('TRJ20241220031', 'VIS016', '2024-12-20 15:30:00', 127.000000, 41.960000, 'AREA014', 'N'),
('TRJ20241220032', 'VIS017', '2024-12-20 15:35:00', 127.000000, 41.960000, 'AREA014', 'N'),
('TRJ20241220033', 'VIS018', '2024-12-20 15:45:00', 125.350000, 42.080000, 'AREA006', 'N'),
('TRJ20241220034', 'VIS019', '2024-12-20 16:10:00', 127.000000, 41.960000, 'AREA014', 'N'),
('TRJ20241215001', 'VIS001', '2024-12-15 08:35:00', 127.000000, 41.960000, 'AREA014', 'N'),
('TRJ20241215002', 'VIS002', '2024-12-15 09:05:00', 127.000000, 41.960000, 'AREA014', 'N'),
('TRJ20241216001', 'VIS004', '2024-12-16 08:05:00', 127.000000, 41.960000, 'AREA014', 'N'),
('TRJ20241216002', 'VIS005', '2024-12-16 08:20:00', 127.000000, 41.960000, 'AREA014', 'N'),
('TRJ20241217001', 'VIS007', '2024-12-17 08:35:00', 127.000000, 41.960000, 'AREA014', 'N'),
('TRJ20241218001', 'VIS010', '2024-12-18 08:05:00', 127.000000, 41.960000, 'AREA014', 'N');

-- 流量控制表数据（20条，与功能分区对应）
INSERT INTO traffic_control (area_id, daily_capacity, current_visitor_count, warning_threshold, current_status) VALUES
('AREA001', 100, 2, 80, '正常'),
('AREA002', 150, 1, 120, '正常'),
('AREA003', 120, 0, 96, '正常'),
('AREA004', 80, 0, 64, '正常'),
('AREA005', 60, 2, 48, '正常'),
('AREA006', 200, 1, 160, '正常'),
('AREA007', 180, 1, 144, '正常'),
('AREA008', 160, 0, 128, '正常'),
('AREA009', 170, 0, 136, '正常'),
('AREA010', 90, 0, 72, '正常'),
('AREA011', 150, 1, 120, '正常'),
('AREA012', 140, 2, 112, '正常'),
('AREA013', 130, 1, 104, '正常'),
('AREA014', 300, 5, 240, '正常'),
('AREA015', 120, 1, 96, '正常'),
('AREA016', 100, 0, 80, '正常'),
('AREA017', 110, 0, 88, '正常'),
('AREA018', 95, 0, 76, '正常'),
('AREA019', 85, 0, 68, '正常'),
('AREA020', 105, 0, 84, '正常');

-- ============================================
-- 第五部分：执法监管业务线数据
-- ============================================

-- 执法人员表数据（20条）
INSERT INTO law_enforcer (enforcer_id, enforcer_name, department, enforcement_authority, contact_phone, equipment_id) VALUES
('ENF001', '周勇', '保护执法大队一队', '野生动物保护执法', '13800138008', 'EQP001'),
('ENF002', '吴敏', '保护执法大队一队', '野生动物保护执法', '13800138009', 'EQP002'),
('ENF003', '郑涛', '保护执法大队二队', '森林资源保护执法', '13800138010', 'EQP003'),
('ENF004', '李军', '保护执法大队二队', '森林资源保护执法', '13900002001', 'EQP004'),
('ENF005', '王芳', '保护执法大队三队', '环境保护执法', '13900002002', 'EQP005'),
('ENF006', '张明', '保护执法大队三队', '环境保护执法', '13900002003', 'EQP006'),
('ENF007', '刘华', '综合执法队', '综合执法权', '13900002004', 'EQP007'),
('ENF008', '陈刚', '综合执法队', '综合执法权', '13900002005', 'EQP008'),
('ENF009', '赵亮', '巡查执法队', '日常巡查执法', '13900002006', 'EQP009'),
('ENF010', '孙杰', '巡查执法队', '日常巡查执法', '13900002007', 'EQP010'),
('ENF011', '钱伟', '特别行动组', '重大案件执法', '13900002008', 'EQP011'),
('ENF012', '冯丽', '特别行动组', '重大案件执法', '13900002009', 'EQP012'),
('ENF013', '蒋涛', '夜间巡查队', '夜间执法', '13900002010', 'EQP013'),
('ENF014', '韩雪', '夜间巡查队', '夜间执法', '13900002011', 'EQP014'),
('ENF015', '沈鹏', '应急执法队', '应急执法', '13900002012', 'EQP015'),
('ENF016', '杨梅', '应急执法队', '应急执法', '13900002013', 'EQP016'),
('ENF017', '朱峰', '保护执法大队一队', '野生动物保护执法', '13900002014', 'EQP017'),
('ENF018', '许兰', '保护执法大队二队', '森林资源保护执法', '13900002015', 'EQP018'),
('ENF019', '何军', '保护执法大队三队', '环境保护执法', '13900002016', 'EQP019'),
('ENF020', '吕华', '综合执法队', '综合执法权', '13900002017', 'EQP020');

-- 视频监控点表数据（25条）
INSERT INTO surveillance_point (monitor_id, area_id, location_longitude, location_latitude, monitoring_range, device_status, storage_period) VALUES
('MON001', 'AREA001', 125.200000, 42.100000, '核心区主入口，半径500米', '正常', 180),
('MON002', 'AREA001', 125.250000, 42.120000, '天池北侧，半径800米', '正常', 180),
('MON003', 'AREA002', 127.500000, 42.000000, '长白山主峰区域，半径1000米', '正常', 180),
('MON004', 'AREA002', 127.550000, 42.050000, '东部森林带，半径600米', '正常', 180),
('MON005', 'AREA003', 126.850000, 42.300000, '原始森林核心，半径700米', '正常', 180),
('MON006', 'AREA004', 125.400000, 42.050000, '珍稀动物栖息地，半径500米', '正常', 180),
('MON007', 'AREA005', 126.250000, 42.280000, '湿地保护区，半径400米', '正常', 180),
('MON008', 'AREA006', 128.100000, 41.800000, '东部缓冲带边界，半径600米', '正常', 90),
('MON009', 'AREA007', 125.300000, 42.000000, '西部缓冲带边界，半径600米', '正常', 90),
('MON010', 'AREA008', 126.700000, 41.550000, '南部缓冲带边界，半径600米', '正常', 90),
('MON011', 'AREA009', 127.100000, 42.700000, '北部缓冲带边界，半径600米', '正常', 90),
('MON012', 'AREA010', 126.100000, 42.280000, '河流主干道，线性监控', '正常', 90),
('MON013', 'AREA011', 127.100000, 41.950000, '科研实验区A入口', '正常', 90),
('MON014', 'AREA012', 126.400000, 42.050000, '科研实验区B监测站', '正常', 90),
('MON015', 'AREA013', 127.170000, 42.100000, '生态监测站周边', '正常', 90),
('MON016', 'AREA014', 127.000000, 41.960000, '游客服务中心', '正常', 90),
('MON017', 'AREA014', 127.020000, 41.980000, '游客服务区停车场', '正常', 90),
('MON018', 'AREA015', 127.275000, 42.140000, '教育展示区主馆', '正常', 90),
('MON019', 'AREA016', 125.700000, 41.800000, '传统利用区管理站', '故障', 90),
('MON020', 'AREA017', 127.650000, 42.210000, '生态恢复试验区观测点', '正常', 90),
('MON021', 'AREA018', 126.475000, 42.215000, '野外观测站', '正常', 90),
('MON022', 'AREA019', 126.190000, 42.270000, '湿地修复区中心', '正常', 90),
('MON023', 'AREA020', 127.750000, 42.325000, '森林恢复区核心', '正常', 90),
('MON024', 'AREA001', 125.220000, 42.110000, '天池西侧备用', '正常', 180),
('MON025', 'AREA002', 127.520000, 42.020000, '主峰南坡', '正常', 180);

-- 非法行为记录表数据（25条）
INSERT INTO illegal_behavior (record_id, behavior_type, occurrence_time, area_id, evidence_path, handling_status, enforcer_id, handling_result, penalty_basis) VALUES
('IB2024110001', '非法进入核心保护区', '2024-11-05 14:30:00', 'AREA001', '/evidence/2024/11/illegal_001.mp4', '已结案', 'ENF001', '罚款2000元，批评教育', '国家公园管理条例第38条'),
('IB2024110002', '非法采集植物', '2024-11-08 10:20:00', 'AREA002', '/evidence/2024/11/illegal_002.mp4', '已结案', 'ENF003', '罚款5000元，没收采集物', '野生植物保护条例第27条'),
('IB2024110003', '破坏植被', '2024-11-12 16:45:00', 'AREA006', '/evidence/2024/11/illegal_003.jpg', '已结案', 'ENF002', '罚款3000元，限期恢复', '森林法第76条'),
('IB2024110004', '非法狩猎', '2024-11-15 22:10:00', 'AREA003', '/evidence/2024/11/illegal_004.mp4', '已结案', 'ENF011', '罚款10000元，移送公安', '野生动物保护法第45条'),
('IB2024110005', '乱扔垃圾', '2024-11-18 13:25:00', 'AREA014', '/evidence/2024/11/illegal_005.jpg', '已结案', 'ENF007', '罚款500元，现场清理', '环境保护法相关规定'),
('IB2024110006', '非法生火', '2024-11-20 11:50:00', 'AREA007', '/evidence/2024/11/illegal_006.mp4', '已结案', 'ENF005', '罚款2000元，批评教育', '森林防火条例第48条'),
('IB2024110007', '擅闯禁区', '2024-11-22 08:30:00', 'AREA001', '/evidence/2024/11/illegal_007.mp4', '已结案', 'ENF001', '罚款1500元', '国家公园管理条例第38条'),
('IB2024110008', '破坏监测设备', '2024-11-25 19:40:00', 'AREA005', '/evidence/2024/11/illegal_008.mp4', '处理中', 'ENF011', NULL, NULL),
('IB2024120001', '非法进入核心保护区', '2024-12-01 15:20:00', 'AREA002', '/evidence/2024/12/illegal_009.mp4', '已结案', 'ENF002', '罚款2000元', '国家公园管理条例第38条'),
('IB2024120002', '非法捕鱼', '2024-12-03 09:15:00', 'AREA010', '/evidence/2024/12/illegal_010.mp4', '已结案', 'ENF004', '罚款3000元，没收渔具', '渔业法第38条'),
('IB2024120003', '乱刻乱画', '2024-12-05 14:30:00', 'AREA014', '/evidence/2024/12/illegal_011.jpg', '已结案', 'ENF007', '罚款1000元，恢复原状', '文物保护法相关规定'),
('IB2024120004', '非法砍伐', '2024-12-07 10:45:00', 'AREA008', '/evidence/2024/12/illegal_012.mp4', '已结案', 'ENF003', '罚款15000元，移送公安', '森林法第74条'),
('IB2024120005', '非法采矿', '2024-12-10 07:20:00', 'AREA009', '/evidence/2024/12/illegal_013.mp4', '处理中', 'ENF011', NULL, NULL),
('IB2024120006', '毁坏标识牌', '2024-12-12 16:50:00', 'AREA011', '/evidence/2024/12/illegal_014.jpg', '已结案', 'ENF008', '罚款800元，赔偿损失', '公共财物保护条例'),
('IB2024120007', '非法放生', '2024-12-14 11:30:00', 'AREA010', '/evidence/2024/12/illegal_015.mp4', '已结案', 'ENF004', '罚款5000元，批评教育', '野生动物保护法第38条'),
('IB2024120008', '超出规定路线', '2024-12-15 13:20:00', 'AREA001', '/evidence/2024/12/illegal_016.mp4', '已结案', 'ENF001', '警告，批评教育', '国家公园管理规定'),
('IB2024120009', '非法宿营', '2024-12-16 20:10:00', 'AREA003', '/evidence/2024/12/illegal_017.mp4', '已结案', 'ENF013', '罚款1000元', '国家公园管理条例第40条'),
('IB2024120010', '非法采集', '2024-12-17 09:40:00', 'AREA004', '/evidence/2024/12/illegal_018.jpg', '处理中', 'ENF002', NULL, NULL),
('IB2024120011', '噪音污染', '2024-12-18 12:00:00', 'AREA014', '/evidence/2024/12/illegal_019.mp4', '已结案', 'ENF007', '罚款500元', '环境噪声污染防治法'),
('IB2024120012', '非法摄影', '2024-12-18 15:30:00', 'AREA002', '/evidence/2024/12/illegal_020.mp4', '已结案', 'ENF002', '警告，删除照片', '国家公园管理规定'),
('IB2024120013', '非法进入', '2024-12-19 08:15:00', 'AREA005', '/evidence/2024/12/illegal_021.mp4', '处理中', 'ENF005', NULL, NULL),
('IB2024120014', '破坏植被', '2024-12-19 14:45:00', 'AREA012', '/evidence/2024/12/illegal_022.jpg', '未处理', NULL, NULL, NULL),
('IB2024120015', '非法狩猎', '2024-12-20 03:20:00', 'AREA003', '/evidence/2024/12/illegal_023.mp4', '处理中', 'ENF011', NULL, NULL),
('IB2024120016', '乱扔垃圾', '2024-12-20 10:30:00', 'AREA014', '/evidence/2024/12/illegal_024.jpg', '未处理', NULL, NULL, NULL),
('IB2024120017', '非法生火', '2024-12-20 13:50:00', 'AREA007', '/evidence/2024/12/illegal_025.mp4', '未处理', NULL, NULL, NULL);

-- 执法调度表数据（22条，对应已处理的非法行为）
INSERT INTO enforcement_dispatch (dispatch_id, record_id, enforcer_id, dispatch_time, response_time, completion_time, dispatch_status) VALUES
('DISP20241105001', 'IB2024110001', 'ENF001', '2024-11-05 14:35:00', '2024-11-05 14:50:00', '2024-11-05 16:30:00', '已完成'),
('DISP20241108001', 'IB2024110002', 'ENF003', '2024-11-08 10:25:00', '2024-11-08 10:45:00', '2024-11-08 13:20:00', '已完成'),
('DISP20241112001', 'IB2024110003', 'ENF002', '2024-11-12 16:50:00', '2024-11-12 17:10:00', '2024-11-12 19:00:00', '已完成'),
('DISP20241115001', 'IB2024110004', 'ENF011', '2024-11-15 22:15:00', '2024-11-15 22:30:00', '2024-11-16 01:20:00', '已完成'),
('DISP20241118001', 'IB2024110005', 'ENF007', '2024-11-18 13:30:00', '2024-11-18 13:40:00', '2024-11-18 14:30:00', '已完成'),
('DISP20241120001', 'IB2024110006', 'ENF005', '2024-11-20 11:55:00', '2024-11-20 12:15:00', '2024-11-20 14:00:00', '已完成'),
('DISP20241122001', 'IB2024110007', 'ENF001', '2024-11-22 08:35:00', '2024-11-22 08:50:00', '2024-11-22 10:30:00', '已完成'),
('DISP20241125001', 'IB2024110008', 'ENF011', '2024-11-25 19:45:00', '2024-11-25 20:05:00', NULL, '已派单'),
('DISP20241201001', 'IB2024120001', 'ENF002', '2024-12-01 15:25:00', '2024-12-01 15:45:00', '2024-12-01 17:30:00', '已完成'),
('DISP20241203001', 'IB2024120002', 'ENF004', '2024-12-03 09:20:00', '2024-12-03 09:40:00', '2024-12-03 11:30:00', '已完成'),
('DISP20241205001', 'IB2024120003', 'ENF007', '2024-12-05 14:35:00', '2024-12-05 14:45:00', '2024-12-05 16:00:00', '已完成'),
('DISP20241207001', 'IB2024120004', 'ENF003', '2024-12-07 10:50:00', '2024-12-07 11:10:00', '2024-12-07 14:20:00', '已完成'),
('DISP20241210001', 'IB2024120005', 'ENF011', '2024-12-10 07:25:00', '2024-12-10 07:50:00', NULL, '已派单'),
('DISP20241212001', 'IB2024120006', 'ENF008', '2024-12-12 16:55:00', '2024-12-12 17:10:00', '2024-12-12 18:30:00', '已完成'),
('DISP20241214001', 'IB2024120007', 'ENF004', '2024-12-14 11:35:00', '2024-12-14 11:55:00', '2024-12-14 14:20:00', '已完成'),
('DISP20241215001', 'IB2024120008', 'ENF001', '2024-12-15 13:25:00', '2024-12-15 13:45:00', '2024-12-15 15:30:00', '已完成'),
('DISP20241216001', 'IB2024120009', 'ENF013', '2024-12-16 20:15:00', '2024-12-16 20:35:00', '2024-12-16 22:00:00', '已完成'),
('DISP20241217001', 'IB2024120010', 'ENF002', '2024-12-17 09:45:00', '2024-12-17 10:05:00', NULL, '已派单'),
('DISP20241218001', 'IB2024120011', 'ENF007', '2024-12-18 12:05:00', '2024-12-18 12:15:00', '2024-12-18 13:00:00', '已完成'),
('DISP20241218002', 'IB2024120012', 'ENF002', '2024-12-18 15:35:00', '2024-12-18 15:50:00', '2024-12-18 17:00:00', '已完成'),
('DISP20241219001', 'IB2024120013', 'ENF005', '2024-12-19 08:20:00', '2024-12-19 08:40:00', NULL, '已派单'),
('DISP20241220001', 'IB2024120015', 'ENF011', '2024-12-20 03:25:00', '2024-12-20 03:50:00', NULL, '已派单');
-- ============================================
-- 第六部分：科研数据支撑业务线数据
-- ============================================
-- 科研项目表数据（20条）
INSERT INTO research_project (project_id, project_name, principal_id, applicant_unit, start_date, end_date, project_status, research_field) VALUES
('PROJ001', '长白山东北虎种群恢复研究', 'USER011', '东北林业大学', '2024-01-15', NULL, '在研', '物种保护'),
('PROJ002', '高山湿地生态修复技术研究', 'USER012', '中国科学院东北地理所', '2024-02-01', NULL, '在研', '生态修复'),
('PROJ003', '珍稀植物红松繁育技术研究', 'USER013', '北京林业大学', '2024-02-20', NULL, '在研', '物种保护'),
('PROJ004', '气候变化对高山植被的影响', 'USER014', '中国气象科学研究院', '2024-03-01', NULL, '在研', '气候变化'),
('PROJ005', '野生动物疾病监测与防控', 'USER011', '中国农业大学', '2024-03-15', NULL, '在研', '疾病防控'),
('PROJ006', '森林生态系统碳汇研究', 'USER012', '中国林科院', '2023-06-01', '2024-11-30', '已结题', '生态研究'),
('PROJ007', '黑熊栖息地选择研究', 'USER013', '东北师范大学', '2023-08-01', '2024-10-31', '已结题', '物种保护'),
('PROJ008', '长白山植物多样性调查', 'USER014', '中国科学院植物所', '2024-04-01', NULL, '在研', '生物多样性'),
('PROJ009', '水源涵养功能评估', 'USER011', '清华大学', '2024-04-15', NULL, '在研', '生态服务'),
('PROJ010', '鸟类迁徙路线研究', 'USER012', '北京师范大学', '2024-05-01', NULL, '在研', '物种保护'),
('PROJ011', '森林火灾风险评估', 'USER013', '南京森林警察学院', '2024-05-20', NULL, '在研', '灾害防控'),
('PROJ012', '外来入侵物种监测', 'USER014', '中国农科院', '2024-06-01', NULL, '在研', '生物安全'),
('PROJ013', '土壤微生物多样性研究', 'USER011', '中国科学院微生物所', '2024-06-15', NULL, '在研', '生物多样性'),
('PROJ014', '野生动物救护技术研究', 'USER012', '东北林业大学', '2023-03-01', '2024-08-31', '在研', '物种保护'),
('PROJ015', '生态旅游承载力研究', 'USER013', '北京第二外国语学院', '2024-07-01', NULL, '在研', '生态旅游'),
('PROJ016', '珍稀蕨类植物保护', 'USER014', '华南植物园', '2024-07-20', NULL, '在研', '物种保护'),
('PROJ017', '森林病虫害防治', 'USER011', '中国林科院', '2024-08-01', NULL, '在研', '病虫害防治'),
('PROJ018', '野生动物种群数量监测', 'USER012', '东北师范大学', '2024-08-15', NULL, '在研', '物种监测'),
('PROJ019', '生态廊道建设研究', 'USER013', '北京林业大学', '2024-09-01', NULL, '在研', '生态修复'),
('PROJ020', '传统知识与生态保护', 'USER014', '中央民族大学', '2024-09-20', NULL, '暂停', '传统文化');
-- 科研数据采集记录表数据（30条）
INSERT INTO research_data_collection (collection_id, project_id, collector_id, collection_time, area_id, collection_content, sample_number, monitoring_data_id, survey_record, data_source) VALUES
('COL2024010001', 'PROJ001', 'USER011', '2024-01-20 09:00:00', 'AREA001', '东北虎足迹采集', 'SAMP001', NULL, '发现新鲜足迹，直径约12cm', '实地采集'),
('COL2024020001', 'PROJ001', 'USER011', '2024-02-15 08:30:00', 'AREA002', '东北虎粪便样本', 'SAMP002', NULL, '采集粪便样本用于DNA分析', '实地采集'),
('COL2024030001', 'PROJ001', 'USER011', '2024-03-10 10:00:00', 'AREA003', '红外相机监测数据', NULL, 'MR2024110001', '调用红外相机拍摄记录', '系统调用'),
('COL2024020002', 'PROJ002', 'USER012', '2024-02-10 11:00:00', 'AREA005', '湿地水质样本', 'SAMP003', NULL, '采集水样5份，用于水质分析', '实地采集'),
('COL2024030002', 'PROJ002', 'USER012', '2024-03-05 09:30:00', 'AREA005', '湿地植被调查', NULL, NULL, '记录植被种类20种，覆盖度75%', '实地采集'),
('COL2024040001', 'PROJ002', 'USER012', '2024-04-12 10:30:00', 'AREA019', '修复区植被监测', NULL, NULL, '修复植被成活率82%', '实地采集'),
('COL2024020003', 'PROJ003', 'USER013', '2024-02-25 08:00:00', 'AREA001', '红松种子采集', 'SAMP004', NULL, '采集健康种子500粒', '实地采集'),
('COL2024030003', 'PROJ003', 'USER013', '2024-03-20 09:00:00', 'AREA002', '红松幼苗调查', NULL, NULL, '调查幼苗200株，生长良好', '实地采集'),
('COL2024040002', 'PROJ003', 'USER013', '2024-04-18 10:00:00', 'AREA007', '红松分布调查', NULL, NULL, '记录红松分布点位50个', '实地采集'),
('COL2024030004', 'PROJ018', 'USER014', '2024-03-08 11:00:00', 'AREA003', '高山植被样方调查', NULL, NULL, '设置样方10个，记录物种50种', '实地采集'),
('COL2024040003', 'PROJ018', 'USER014', '2024-04-15 09:30:00', 'AREA003', '气象数据采集', NULL, 'ED2024120003', '调用气象站数据', '系统调用'),
('COL2024050001', 'PROJ018', 'USER014', '2024-05-10 10:00:00', 'AREA013', '物候观测', NULL, NULL, '记录植物展叶期', '实地采集'),
('COL2024030005', 'PROJ005', 'USER011', '2024-03-22 08:30:00', 'AREA002', '野生动物血液样本', 'SAMP005', NULL, '采集黑熊血样2份', '实地采集'),
('COL2024040004', 'PROJ005', 'USER011', '2024-04-20 09:00:00', 'AREA004', '疫病监测', NULL, NULL, '开展野猪疫病筛查', '实地采集'),
('COL2024060001', 'PROJ019', 'USER012', '2024-06-10 10:00:00', 'AREA002', '森林土壤样本', 'SAMP006', NULL, '采集土壤样本30份', '实地采集'),
('COL2024080001', 'PROJ019', 'USER013', '2024-08-15 08:00:00', 'AREA002', '黑熊栖息地调查', NULL, 'MR2024110004', '调用监测记录', '系统调用'),
('COL2024040005', 'PROJ008', 'USER014', '2024-04-08 09:00:00', 'AREA001', '植物标本采集', 'SAMP007', NULL, '采集植物标本100份', '实地采集'),
('COL2024050002', 'PROJ008', 'USER014', '2024-05-18 10:00:00', 'AREA007', '植物多样性调查', NULL, NULL, '调查样线5条，记录200种', '实地采集'),
('COL2024040006', 'PROJ009', 'USER011', '2024-04-22 11:00:00', 'AREA010', '水文监测', NULL, NULL, '测量径流量和水质', '实地采集'),
('COL2024050003', 'PROJ010', 'USER012', '2024-05-05 06:00:00', 'AREA005', '鸟类环志', 'SAMP008', NULL, '环志候鸟50只', '实地采集'),
('COL2024050004', 'PROJ010', 'USER012', '2024-05-25 07:00:00', 'AREA010', '鸟类调查', NULL, 'MR2024120005', '调用监测数据', '系统调用'),
('COL2024060002', 'PROJ011', 'USER013', '2024-06-05 09:00:00', 'AREA006', '可燃物载量调查', NULL, NULL, '测定林下可燃物', '实地采集'),
('COL2024060003', 'PROJ012', 'USER014', '2024-06-12 10:00:00', 'AREA008', '外来植物调查', NULL, NULL, '发现外来物种3种', '实地采集'),
('COL2024060004', 'PROJ013', 'USER011', '2024-06-20 08:30:00', 'AREA011', '土壤微生物样本', 'SAMP009', NULL, '采集土样20份', '实地采集'),
('COL2024070001', 'PROJ015', 'USER013', '2024-07-08 09:00:00', 'AREA014', '游客行为观察', NULL, NULL, '观察游客300人次', '实地采集'),
('COL2024070002', 'PROJ016', 'USER014', '2024-07-25 08:00:00', 'AREA002', '蕨类植物调查', 'SAMP010', NULL, '发现珍稀蕨类5种', '实地采集'),
('COL2024080002', 'PROJ017', 'USER011', '2024-08-10 09:30:00', 'AREA007', '病虫害调查', NULL, NULL, '调查林木病虫害发生情况', '实地采集'),
('COL2024080003', 'PROJ018', 'USER012', '2024-08-20 08:00:00', 'AREA003', '动物痕迹调查', NULL, NULL, '记录动物活动痕迹', '实地采集'),
('COL2024090001', 'PROJ019', 'USER013', '2024-09-05 10:00:00', 'AREA017', '廊道选线调查', NULL, NULL, '勘察生态廊道路线', '实地采集'),
('COL2024090002', 'PROJ020', 'USER014', '2024-09-28 09:00:00', 'AREA016', '传统知识访谈', NULL, NULL, '访谈当地居民10人', '实地采集');
-- 科研成果表数据（25条）
INSERT INTO research_achievement (achievement_id, project_id, achievement_type, achievement_name, publish_date, share_permission, file_path) VALUES
('ACH2024060001', 'PROJ006', '报告', '长白山森林生态系统碳汇能力评估报告', '2024-11-20', '公开', '/achievements/2024/carbon_report.pdf'),
('ACH2024100001', 'PROJ007', '论文', '长白山黑熊栖息地选择的季节性差异研究', '2024-10-25', '公开', '/achievements/2024/bear_habitat.pdf'),
('ACH2024080001', 'PROJ006', '论文', '针阔混交林碳储量估算方法研究', '2024-08-15', '公开', '/achievements/2024/carbon_storage.pdf'),
('ACH2024030001', 'PROJ001', '报告', '东北虎种群现状调查阶段性报告', '2024-03-30', '内部共享', '/achievements/2024/tiger_report_q1.pdf'),
('ACH2024060002', 'PROJ001', '报告', '东北虎种群现状调查中期报告', '2024-06-30', '内部共享', '/achievements/2024/tiger_report_q2.pdf'),
('ACH2024090001', 'PROJ001', '报告', '东北虎栖息地评估报告', '2024-09-30', '内部共享', '/achievements/2024/tiger_habitat_report.pdf'),
('ACH2024050001', 'PROJ002', '报告', '高山湿地水质监测报告', '2024-05-20', '公开', '/achievements/2024/wetland_water.pdf'),
('ACH2024070001', 'PROJ002', '论文', '湿地生态修复植被配置技术研究', '2024-07-18', '公开', '/achievements/2024/wetland_vegetation.pdf'),
('ACH2024040001', 'PROJ003', '报告', '红松天然更新影响因素分析', '2024-04-25', '公开', '/achievements/2024/pine_regeneration.pdf'),
('ACH2024080002', 'PROJ003', '专利', '红松种子快速萌发方法', '2024-08-10', '保密', '/achievements/2024/pine_patent.pdf'),
('ACH2024060003', 'PROJ004', '论文', '气候变化对长白山高山植被分布的影响', '2024-06-15', '公开', '/achievements/2024/climate_impact.pdf'),
('ACH2024050002', 'PROJ005', '报告', '野生动物疾病监测年度报告', '2024-05-30', '内部共享', '/achievements/2024/disease_monitoring.pdf'),
('ACH2024070002', 'PROJ008', '报告', '长白山维管植物名录', '2024-07-22', '公开', '/achievements/2024/plant_list.pdf'),
('ACH2024060004', 'PROJ009', '论文', '长白山森林水源涵养功能定量评估', '2024-06-28', '公开', '/achievements/2024/water_conservation.pdf'),
('ACH2024080003', 'PROJ010', '报告', '长白山鸟类迁徙监测报告', '2024-08-20', '公开', '/achievements/2024/bird_migration.pdf'),
('ACH2024070003', 'PROJ011', '报告', '森林火灾风险等级划分', '2024-07-15', '内部共享', '/achievements/2024/fire_risk.pdf'),
('ACH2024080004', 'PROJ012', '报告', '外来入侵物种分布现状', '2024-08-25', '公开', '/achievements/2024/invasive_species.pdf'),
('ACH2024090002', 'PROJ013', '论文', '长白山土壤微生物群落结构特征', '2024-09-10', '公开', '/achievements/2024/soil_microbe.pdf'),
('ACH2024080005', 'PROJ014', '报告', '野生动物救护技术手册', '2024-08-30', '公开', '/achievements/2024/rescue_manual.pdf'),
('ACH2024090003', 'PROJ015', '报告', '生态旅游环境承载力评估', '2024-09-18', '公开', '/achievements/2024/tourism_capacity.pdf'),
('ACH2024100002', 'PROJ016', '论文', '长白山珍稀蕨类植物资源调查', '2024-10-12', '公开', '/achievements/2024/rare_ferns.pdf'),
('ACH2024110001', 'PROJ017', '报告', '森林病虫害防治方案', '2024-11-05', '内部共享', '/achievements/2024/pest_control.pdf'),
('ACH2024100003', 'PROJ018', '报告', '野生动物种群动态监测报告', '2024-10-28', '公开', '/achievements/2024/population_monitoring.pdf'),
('ACH2024110002', 'PROJ019', '报告', '生态廊道建设可行性研究', '2024-11-15', '内部共享', '/achievements/2024/corridor_feasibility.pdf'),
('ACH2024070004', 'PROJ014', '论文', '东北地区野生动物常见疾病诊断技术', '2024-07-30', '公开', '/achievements/2024/disease_diagnosis.pdf');
SET FOREIGN_KEY_CHECKS = 1;